{
"spider":"./jar/pg.jar;md5;58fc87042d81c94a11056d7b481d4c74",
"wallpaper":"https://raw.githubusercontent.com/jeansunny/18/master/1.jpg",
"lives":[{"name":"直播","type":0,"url":"./listx.txt"}
],
"sites":[
{"key":"csp_JavDb","name":"JavDb","type":3,"api":"csp_JavDb","searchable":1,"quickSearch":1,"filterable":1,"changeable":0,"style":{"type":"rect","ratio":1.395},"timeout":60},
{"key":"csp_JavBus","name":"JavBus","type":3,"api":"csp_JavBus","searchable":1,"quickSearch":1,"filterable":1,"changeable":0,"style":{"type":"rect","ratio":1.395},"timeout":60},
{"key":"18av_open","name":"18av貓","type":3,"api":"./cat/js/18av_open.js","style":{"type":"rect","ratio":1.485}},
{"key":"drpy_js_朱古力","name":"热门","type":3,"api":"./lib/drpy2.min.js","ext":"./js/朱古力.js","style":{"type":"rect","ratio":1.395}},
{"key":"wmcj8.com","name":"无码","type":0,"api":"http://wmcj8.com/inc/sapi.php","searchable":1,"recordable":0,"style":{"type":"rect","ratio":1.395},"header":{"Accept":"text/html,application/xhtml+xml,application/xml;q=0.9,image/avif,image/webp,image/apng,*/*;q=0.8,application/signed-exchange;v=b3;q=0.7","User-Agent":"Mozilla/5.0(WindowsNT10.0;Win64;x64)AppleWebKit/537.36(KHTML,likeGecko)Chrome/117.0.0.0Safari/537.36"}},
{"key":"bttcj.com","name":"自拍","type":0,"api":"http://bttcj.com/inc/sapi.php","searchable":1,"recordable":0,"style":{"type":"rect","ratio":1.33},"header":{"Accept":"text/html,application/xhtml+xml,application/xml;q=0.9,image/avif,image/webp,image/apng,*/*;q=0.8,application/signed-exchange;v=b3;q=0.7","User-Agent":"Mozilla/5.0(WindowsNT10.0;Win64;x64)AppleWebKit/537.36(KHTML,likeGecko)Chrome/117.0.0.0Safari/537.36"}}
]
}
