[
{"name":"初秋语•综合","url":"../list.txt"},
{"name":"番茄•综合","url":"http://fanqie.gq/a/1701859592.txt"},
{"name":"YanG•综合","url":"https://fongmi.cachefly.net/YanG-1989/m3u/main/Gather.m3u"},
{"name":"范明明•ipv6","url":"https://fongmi.cachefly.net/fanmingming/live/main/tv/m3u/ipv6.m3u"},
{"name":"YueChan•综合","url":"https://fongmi.cachefly.net/YueChan/Live/main/IPTV.m3u"},
{"name":"Yoursmile•综合","url":"https://agit.ai/Yoursmile7/TVBox/raw/branch/master/live.txt"},
{"name":"饭太硬•综合","url":"https://agit.ai/fantaiying/0/raw/branch/main/tvlive.txt"},
{"name":"Ray•综合","url":"https://xhdwc.tk/tvlive.txt"},
{"name":"俊于•综合","url":"http://home.jundie.top:81/Cat/tv/live.txt"},
{"name":"初秋语•电台","url":"../radio.txt"},
{"name":"范明明•电台","url":"https://fongmi.cachefly.net/fanmingming/live/main/radio/m3u/index.m3u"},
{"name":"肥羊•斗鱼","url":"https://fongmi.cachefly.net/Ftindy/IPTV-URL/main/douyuyqk.m3u"},
{"name":"肥羊•虎牙","url":"https://fongmi.cachefly.net/Ftindy/IPTV-URL/main/huyayqk.m3u"},
{"name":"YanG•斗鱼","type":0,"url":"https://fongmi.cachefly.net/YanG-1989/m3u/main/yu.m3u"},
{"name":"YanG•虎牙","type":0,"url":"https://fongmi.cachefly.net/YanG-1989/m3u/main/ya.m3u"},
{"name":"16万•MV","url":"https://fongmi.cachefly.net/lystv/short/main/影视/tvb/MTV.txt"},
{"name":"YuanHsing•油管","url":"https://fongmi.cachefly.net/YuanHsing/YouTube_to_m3u/main/youtube.m3u"}
]